Workbook

Sheet Parametros
A1: PARÁMETROS EDITABLES (calíbralos con el histórico de FitDesk)
A3: Complejidad (a) | B3: Horas base | D3: Severidad (b) | E3: Factor tiempo | G3: Clientes (c) | H3: Factor tiempo | J3: Antigüedad (d) | K3: Mult puntos
A4: 1 | B4: 2 | D4: 1 Baja | E4: 1.5 | G4: 1 | H4: 1 | J4: 1 | K4: 1
A5: 2 | B5: 4 | D5: 2 Media | E5: 1.2 | G5: 2 | H5: 0.95 | J5: 2 | K5: 1.1
A6: 3 | B6: 8 | D6: 3 Alta | E6: 1 | G6: 3 | H6: 0.9 | J6: 3 | K6: 1.2
A7: 4 | B7: 20 | D7: 4 Legal | E7: 0.8
A8: 5 | B8: 40 | D8: 5 Emergencia | E8: 0.5
G9: Días antes (e) | H9: Mult puntos
A10: Valor base puntos | B10: 2 | G10: 0 | H10: 1
A11: Horas por día | B11: 8 | G11: 1 | H11: 1.1
G12: 2 | H12: 1.2
A13: Meta fitcoins/mes | B13: 150
A14: Penaliz. calidad reapertura | B14: 15 | D14: Peso Calidad | E14: 0.3
A15: Penaliz. calidad rollback | B15: 20 | D15: Peso Productividad | E15: 0.2
A16: Penaliz. calidad incidente | B16: 30 | D16: Peso Impacto | E16: 0.2
A17: Meta Impacto (Σ b+c) | B17: 27.5 | D17: Peso Colaboración | E17: 0.2
A18: Meta Colaboración | B18: 8 | D18: Peso Innovación | E18: 0.1
A19: Meta Innovación | B19: 5

Sheet Tarea
A1: CALCULADORA DE UNA TAREA
A3: Complejidad (a) 1–5 | B3: 4
A4: Severidad (b) 1–5 | B4: 3
A5: N° clientes (c) 1–3 | B5: 2
A6: Antigüedad (d) 1–3 | B6: 2
A7: Días antes de entrega (e) 0–2 | B7: 2
A9: PUNTOS de la tarea (fitcoins) | B9: =Parametros!$B$10*B3*(B4+B5)*INDEX(Parametros!$K$4:$K$6,B6)*INDEX(Parametros!$H$10:$H$12,B7+1)
A10: Tiempo máximo (horas) | B10: =INDEX(Parametros!$B$4:$B$8,B3)*INDEX(Parametros!$E$4:$E$8,B4)*INDEX(Parametros!$H$4:$H$6,B5)
A11: Tiempo máximo (días) | B11: =B10/Parametros!$B$11
A13: Fórmula puntos = ValorBase × a × (b + c) × Mult.Antigüedad(d) × Premio(e)
A14: Fórmula tiempo = HorasBase(a) × Factor(b) × Factor(c)
A15: El premio (e) se confirma SOLO tras el periodo de gracia (sin fallas).

Sheet Ejemplos
A1: Caso | B1: a | C1: b | D1: c | E1: d | F1: e (días antes) | G1: Puntos | H1: Tiempo máx (h) | I1: Tiempo (días)
A2: Consulta simple, 1 cliente | B2: 1 | C2: 1 | D2: 1 | E2: 1 | F2: 0 | G2: =Parametros!$B$10*B2*(C2+D2)*INDEX(Parametros!$K$4:$K$6,E2)*INDEX(Parametros!$H$10:$H$12,F2+1) | H2: =INDEX(Parametros!$B$4:$B$8,B2)*INDEX(Parametros!$E$4:$E$8,C2)*INDEX(Parametros!$H$4:$H$6,D2) | I2: =H2/Parametros!$B$11
A3: Incidencia media, 1 cliente | B3: 3 | C3: 2 | D3: 1 | E3: 1 | F3: 0 | G3: =Parametros!$B$10*B3*(C3+D3)*INDEX(Parametros!$K$4:$K$6,E3)*INDEX(Parametros!$H$10:$H$12,F3+1) | H3: =INDEX(Parametros!$B$4:$B$8,B3)*INDEX(Parametros!$E$4:$E$8,C3)*INDEX(Parametros!$H$4:$H$6,D3) | I3: =H3/Parametros!$B$11
A4: Requerimiento alto, 2 clientes | B4: 4 | C4: 3 | D4: 2 | E4: 2 | F4: 2 | G4: =Parametros!$B$10*B4*(C4+D4)*INDEX(Parametros!$K$4:$K$6,E4)*INDEX(Parametros!$H$10:$H$12,F4+1) | H4: =INDEX(Parametros!$B$4:$B$8,B4)*INDEX(Parametros!$E$4:$E$8,C4)*INDEX(Parametros!$H$4:$H$6,D4) | I4: =H4/Parametros!$B$11
A5: Emergencia legal, todos | B5: 5 | C5: 5 | D5: 3 | E5: 3 | F5: 0 | G5: =Parametros!$B$10*B5*(C5+D5)*INDEX(Parametros!$K$4:$K$6,E5)*INDEX(Parametros!$H$10:$H$12,F5+1) | H5: =INDEX(Parametros!$B$4:$B$8,B5)*INDEX(Parametros!$E$4:$E$8,C5)*INDEX(Parametros!$H$4:$H$6,D5) | I5: =H5/Parametros!$B$11
A6: Bug alto, todos, entrega a tiempo | B6: 4 | C6: 3 | D6: 3 | E6: 1 | F6: 0 | G6: =Parametros!$B$10*B6*(C6+D6)*INDEX(Parametros!$K$4:$K$6,E6)*INDEX(Parametros!$H$10:$H$12,F6+1) | H6: =INDEX(Parametros!$B$4:$B$8,B6)*INDEX(Parametros!$E$4:$E$8,C6)*INDEX(Parametros!$H$4:$H$6,D6) | I6: =H6/Parametros!$B$11

Sheet Curva pago (nota→$)
A1: Curva: la NOTA mensual (0–100) se convierte en bono
A2: Bono = ROUNDUP(0.0087*Nota^2 + 0.1431*Nota - 0.5991)
A4: Nota | B4: Bono USD
A5: 0 | B5: =ROUNDDOWN(0.0085*A5^2+0.1632*A5-0.2874,0)
A6: 10 | B6: =ROUNDUP(0.0087*A6^2+0.1431*A6-0.5991,0)
A7: 20 | B7: =ROUNDUP(0.0087*A7^2+0.1431*A7-0.5991,0)
A8: 30 | B8: =ROUNDUP(0.0087*A8^2+0.1431*A8-0.5991,0)
A9: 40 | B9: =ROUNDUP(0.0087*A9^2+0.1431*A9-0.5991,0)
A10: 50 | B10: =ROUNDUP(0.0087*A10^2+0.1431*A10-0.5991,0)
A11: 60 | B11: =ROUNDUP(0.0087*A11^2+0.1431*A11-0.5991,0)
A12: 70 | B12: =ROUNDUP(0.0087*A12^2+0.1431*A12-0.5991,0)
A13: 80 | B13: =ROUNDUP(0.0087*A13^2+0.1431*A13-0.5991,0)
A14: 90 | B14: =ROUNDUP(0.0087*A14^2+0.1431*A14-0.5991,0)
A15: 100 | B15: =ROUNDUP(0.0087*A15^2+0.1431*A15-0.5991,0)
A18: Nota: los 'puntos de la tarea' (fitcoins) se acumulan; la NOTA mensual sale de las dimensiones ponderadas; esta curva la convierte en dinero.

Sheet Nota Junior
A1: NOTA MENSUAL DE UN JUNIOR (cálculo automático)
A2: Celdas ámbar = señales OBJETIVAS (vienen de HelpDesk / FitDesk / Git).
A3: Fitcoins acreditados del mes | B3: 131
A4: Reaperturas | B4: 1
A5: Rollbacks | B5: 0
A6: Incidentes en producción | B6: 0
A7: Suma (severidad + clientes) del mes | B7: 22
A8: Acciones de colaboración (reviews, docs, ayudas) | B8: 6
A9: Innovaciones aprobadas (valor) | B9: 4
A11: Dimensión | B11: Score | C11: Peso | D11: Aporte
A12: Calidad | B12: =MAX(0,100-Parametros!$B$14*$B$4-Parametros!$B$15*$B$5-Parametros!$B$16*$B$6) | C12: =Parametros!$E$14 | D12: =B12*C12
A13: Productividad | B13: =MIN(100,$B$3/Parametros!$B$13*100) | C13: =Parametros!$E$15 | D13: =B13*C13
A14: Impacto | B14: =MIN(100,$B$7/Parametros!$B$17*100) | C14: =Parametros!$E$16 | D14: =B14*C14
A15: Colaboración | B15: =MIN(100,$B$8/Parametros!$B$18*100) | C15: =Parametros!$E$17 | D15: =B15*C15
A16: Innovación | B16: =MIN(100,$B$9/Parametros!$B$19*100) | C16: =Parametros!$E$18 | D16: =B16*C16
A17: NOTA DEL MES | D17: =SUM(D12:D16)
A18: BONO USD | D18: =ROUNDUP(0.0087*D17^2+0.1431*D17-0.5991,0)
A20: Productividad, Calidad, Impacto y Colaboración: 100% automáticos (señales medibles).
A21: Innovación: requiere aprobación (único juicio, acotado y auditable).
